-- This file was modified from its original using excel.  the OTH column is the sum of columns C,E,F,G,H,K,L,O,P,V,W,N,U
-- We will use District, Precinct, AKI, DEM, REP, and OTH; OTH+AKI+DEM+REP should equal Voters in this file.
District,Precinct,Voters,AKI,DEM,REP,C,E,F,G,H,K,L,O,P,V,W,N,U,OTH
DISTRICT 01,01-446 AURORA,2801,103,373,637,1,0,0,5,0,0,28,0,1,11,1,379,1262,1698
DISTRICT 01,01-455 FAIRBANKS NO. 1,505,17,71,91,0,0,0,4,0,0,4,0,0,1,0,76,241,327
DISTRICT 01,01-465 FAIRBANKS NO. 2,1264,44,211,229,1,3,0,4,0,0,12,1,0,5,2,140,612,783
DISTRICT 01,01-470 FAIRBANKS NO. 3,1550,50,281,294,1,1,0,3,0,0,15,0,0,2,0,234,669,927
DISTRICT 01,01-475 FAIRBANKS NO. 4,808,39,132,147,1,0,0,2,0,0,9,0,0,2,0,94,382,492
DISTRICT 01,01-480 FAIRBANKS NO. 5,2235,64,327,505,3,2,0,3,0,0,24,1,0,6,2,285,1013,1343
DISTRICT 01,01-485 FAIRBANKS NO. 6,1675,65,266,311,0,1,0,7,0,0,21,1,0,5,0,164,834,1038
DISTRICT 01,01-490 FAIRBANKS NO. 7,2063,76,331,343,2,1,0,7,1,0,25,2,2,6,1,226,1040,1318
DISTRICT 01,01-495 FAIRBANKS NO. 10,898,26,133,213,2,0,0,1,0,0,4,1,1,2,0,103,412,528
DISTRICT 02,02-345 BADGER NO. 2,3225,106,239,969,4,4,0,2,0,0,39,1,0,11,0,367,1483,1922
DISTRICT 02,02-355 FAIRBANKS NO. 8,2207,79,325,466,2,1,0,8,1,0,21,3,0,4,1,305,991,1340
DISTRICT 02,02-365 FAIRBANKS NO. 9,3193,102,430,759,3,5,0,8,0,0,33,0,1,13,0,377,1462,1915
DISTRICT 02,02-375 FORT WAINWRIGHT,3256,76,387,1003,5,2,0,2,0,0,53,0,1,28,1,290,1408,1817
DISTRICT 03,03-130 BADGER NO. 1,3540,130,242,1108,7,2,0,5,2,0,34,0,1,14,1,405,1589,2073
DISTRICT 03,03-135 CHENA LAKES,2983,103,189,1053,3,2,0,1,0,0,37,0,0,6,0,311,1278,1644
DISTRICT 03,03-165 NEWBY,3480,108,229,1168,3,2,0,8,1,0,56,0,3,11,1,364,1526,1985
DISTRICT 03,03-175 NORTH POLE,1813,58,145,534,2,1,0,4,0,1,26,0,1,3,0,184,854,1079
DISTRICT 03,03-183 PLACK,3104,109,189,1051,3,1,0,5,0,0,50,0,2,14,1,340,1339,1768
DISTRICT 04,04-230 ESTER,1001,25,230,164,3,1,0,7,0,0,7,1,1,0,0,154,408,582
DISTRICT 04,04-240 FARMERS LOOP,2681,68,513,537,4,2,0,9,0,0,9,1,0,2,0,454,1082,1565
DISTRICT 04,04-250 GOLDSTREAM NO. 1,1240,41,226,213,1,0,0,5,1,0,12,1,0,3,0,185,552,763
DISTRICT 04,04-260 GOLDSTREAM NO. 2,1574,50,332,222,4,0,0,13,0,0,17,0,0,1,0,288,647,971
DISTRICT 04,04-265 STEESE EAST/GILMORE,3676,114,394,1073,0,2,0,5,0,0,34,0,0,5,2,560,1487,2098
DISTRICT 04,04-270 STEESE WEST,4355,150,491,1059,3,3,0,13,1,0,59,2,1,10,2,640,1921,2663
DISTRICT 04,04-280 UNIVERSITY HILLS,688,25,141,95,0,0,0,9,0,0,9,1,0,1,0,116,291,428
DISTRICT 05,05-580 AIRPORT,410,14,55,77,1,0,0,4,0,0,7,0,0,0,0,56,196,264
DISTRICT 05,05-582 CHENA,5269,131,785,1175,4,1,0,21,0,0,60,0,0,10,0,792,2290,3188
DISTRICT 05,05-586 GEIST,2053,61,335,408,3,1,0,7,1,0,20,1,1,4,1,302,908,1252
DISTRICT 05,05-587 LAKEVIEW,512,21,52,136,0,0,0,0,1,0,8,0,0,1,0,56,237,304
DISTRICT 05,05-588 PIKE,637,25,64,151,1,0,0,1,0,0,7,0,0,1,1,94,292,397
DISTRICT 05,05-590 RICHARDSON,627,24,40,199,1,0,0,1,0,0,6,0,2,2,0,79,273,366
DISTRICT 05,05-592 SHANLY,1164,46,185,194,3,3,0,3,1,0,10,0,0,4,0,144,571,743
DISTRICT 05,05-594 UNIVERSITY CAMPUS,338,8,91,48,0,0,0,4,0,0,7,0,0,0,0,35,145,191
DISTRICT 05,05-596 UNIVERSITY WEST,2841,71,439,658,3,6,0,7,2,0,32,2,0,3,1,362,1255,1675
DISTRICT 06,06-005 ANDERSON,172,8,14,67,1,0,0,0,0,0,0,0,0,0,0,20,62,83
DISTRICT 06,06-007 ARCTIC VILLAGE,120,7,49,7,0,0,0,0,0,0,2,0,0,1,0,9,45,58
DISTRICT 06,06-010 BEAVER,54,3,18,1,0,0,0,0,0,0,0,0,0,0,0,4,28,32
DISTRICT 06,06-012 CANTWELL,215,6,33,47,0,0,0,1,0,0,1,0,0,1,1,36,89,129
DISTRICT 06,06-015 CENTRAL,164,13,7,54,1,0,0,0,0,0,1,0,0,1,0,20,67,91
DISTRICT 06,06-020 CHISTOCHINA,219,6,20,62,0,0,0,0,0,0,4,0,0,1,0,42,84,132
DISTRICT 06,06-023 CIRCLE,58,1,17,7,0,0,0,0,0,0,2,0,0,0,0,6,25,33
DISTRICT 06,06-024 CLEAR,237,10,19,66,0,0,0,3,0,0,2,1,0,0,0,31,105,142
DISTRICT 06,06-025 COPPER CENTER,1087,27,105,314,3,0,0,3,0,0,6,0,0,4,0,147,478,645
DISTRICT 06,06-026 DENALI PARK,275,7,110,27,0,0,0,2,0,0,2,1,0,0,1,42,83,130
DISTRICT 06,06-027 DOT LAKE,120,1,4,59,0,0,0,0,0,0,0,0,0,1,0,17,38,57
DISTRICT 06,06-030 EAGLE,214,6,28,60,1,0,0,0,0,0,1,0,0,0,0,46,72,120
DISTRICT 06,06-033 FORT YUKON,467,28,78,67,0,0,0,0,0,0,1,0,0,0,0,40,253,294
DISTRICT 06,06-035 GAKONA,285,8,22,85,1,0,0,0,0,0,2,0,0,0,0,41,126,170
DISTRICT 06,06-040 HEALY,951,29,142,256,2,0,0,5,0,0,11,1,0,2,0,113,390,526
DISTRICT 06,06-047 KENNY LAKE,401,12,28,121,0,0,0,1,0,0,2,0,0,0,0,53,184,240
DISTRICT 06,06-050 MANLEY HOT SPRINGS,130,5,7,38,0,0,0,0,0,0,0,0,0,0,0,27,53,80
DISTRICT 06,06-053 MENTASTA,92,4,15,15,0,0,0,0,0,0,1,0,0,2,0,16,39,60
DISTRICT 06,06-054 MINTO,113,3,16,9,0,0,0,1,0,0,1,0,1,0,0,12,70,85
DISTRICT 06,06-056 NENANA,591,25,59,167,2,0,0,1,0,0,8,0,0,1,0,83,245,341
DISTRICT 06,06-060 NORTHWAY,234,7,33,59,0,0,0,0,0,0,0,0,0,0,0,43,92,135
DISTRICT 06,06-070 STEVENS VILLAGE,77,2,21,8,0,0,0,1,0,0,0,0,0,0,0,8,37,46
DISTRICT 06,06-075 TANACROSS,111,1,27,11,0,0,0,0,0,0,0,0,0,0,0,14,58,72
DISTRICT 06,06-080 TANANA,158,5,33,15,0,0,0,0,0,0,1,0,0,0,0,28,76,105
DISTRICT 06,06-085 TETLIN,82,4,24,8,1,0,0,0,0,0,0,0,0,0,0,9,36,46
DISTRICT 06,06-090 TOK,1254,35,87,381,4,0,0,2,0,0,10,0,1,3,1,221,509,753
DISTRICT 06,06-095 VENETIE,149,8,40,9,0,0,0,0,0,0,0,0,0,0,0,16,76,92
DISTRICT 06,06-145 EIELSON,2285,46,215,837,4,0,0,2,0,0,35,2,1,5,0,207,931,1192
DISTRICT 06,06-150 FOX,589,37,52,165,0,0,0,1,0,0,9,0,1,0,0,78,246,335
DISTRICT 06,06-155 MOOSE CREEK,667,21,46,201,1,0,0,1,0,0,7,0,0,1,0,81,308,400
DISTRICT 06,06-160 SALCHA,1075,39,55,411,1,0,0,0,0,0,7,0,1,3,0,135,423,573
DISTRICT 06,06-170 STEELE CREEK,1359,49,152,359,7,0,0,5,0,0,16,0,0,1,0,202,568,800
DISTRICT 06,06-180 TWO RIVERS,1243,42,123,298,2,0,0,2,0,0,14,1,0,1,0,174,586,781
DISTRICT 07,07-100 LAKES NO. 1,1919,63,116,661,1,0,0,7,0,0,22,0,0,4,1,230,814,1082
DISTRICT 07,07-105 PIONEER PEAK,1377,36,95,495,2,1,0,4,0,0,17,0,1,4,0,189,533,755
DISTRICT 07,07-110 SCHROCK,2557,80,190,812,4,0,0,6,0,0,27,0,1,9,0,311,1117,1484
DISTRICT 07,07-115 WASILLA LAKE,1803,69,135,488,4,1,0,5,0,0,18,2,1,7,2,224,847,1116
DISTRICT 07,07-120 WASILLA NO. 1,3469,112,246,1042,3,0,0,6,0,0,35,1,2,13,1,447,1561,2081
DISTRICT 07,07-125 WASILLA NO. 2,4048,128,262,1296,9,2,0,8,0,0,53,1,1,7,2,445,1834,2367
DISTRICT 07,07-130 FOOTHILLS,1738,63,92,603,4,0,0,0,0,0,19,0,0,6,0,141,810,986
DISTRICT 08,08-130 MEADOW LAKES NO. 1,1423,36,85,459,3,1,0,6,1,0,25,0,0,1,1,187,618,843
DISTRICT 08,08-135 MEADOW LAKES NO. 2,3186,112,169,1079,4,0,0,4,1,0,46,0,5,8,0,376,1382,1834
DISTRICT 08,08-140 KNIK GOOSE BAY NO. 1,3628,112,189,1159,5,1,0,7,0,0,55,2,4,11,0,406,1677,2179
DISTRICT 08,08-145 KNIK GOOSE BAY NO. 2,3052,92,153,1018,7,0,0,3,1,0,43,3,0,12,0,340,1380,1801
DISTRICT 08,08-150 KNIK GOOSE BAY NO. 3,3356,112,206,1107,8,0,0,6,0,0,38,0,2,9,1,387,1480,1939
DISTRICT 08,08-155 BIG LAKE,3355,103,185,1133,2,2,0,7,0,0,25,1,1,4,2,451,1439,1936
DISTRICT 09,09-600 BIG DELTA,3103,77,156,1149,7,2,0,3,0,0,22,0,2,9,0,353,1323,1730
DISTRICT 09,09-608 DELTA JUNCTION,933,25,50,329,5,0,0,1,0,0,10,0,0,5,0,95,413,534
DISTRICT 09,09-622 FARM LOOP,3139,73,207,1112,3,2,0,5,0,0,47,2,3,8,1,404,1272,1754
DISTRICT 09,09-628 FISHHOOK,4180,113,246,1540,3,0,0,6,0,0,43,2,0,12,0,481,1734,2293
DISTRICT 09,09-632 GLENNALLEN,699,18,44,253,0,0,0,5,0,0,6,0,0,1,0,92,280,385
DISTRICT 09,09-640 SHEEP MOUNTAIN,354,6,17,150,0,0,0,1,0,0,2,0,0,0,0,60,118,181
DISTRICT 09,09-645 SUTTON,1184,22,95,344,0,0,0,3,0,0,14,0,1,2,0,159,544,725
DISTRICT 09,09-650 VALDEZ NO. 1,1191,54,120,308,0,0,0,1,0,0,17,0,0,4,0,137,550,713
DISTRICT 09,09-655 VALDEZ NO. 2,896,31,94,237,1,0,0,1,0,0,12,0,0,3,0,100,417,537
DISTRICT 09,09-660 VALDEZ NO. 3,1235,44,109,318,2,1,0,3,0,0,16,0,1,6,0,121,614,770
DISTRICT 09,09-665 WHITTIER,248,15,20,50,0,0,0,2,0,0,1,0,0,0,0,36,124,163
DISTRICT 10,10-005 KINGS LAKE,1514,51,100,513,1,0,0,1,0,0,13,1,0,4,0,185,645,854
DISTRICT 10,10-010 CHURCH,2566,68,166,925,5,1,0,7,0,0,25,1,2,7,0,304,1055,1414
DISTRICT 10,10-015 TANAINA,2912,91,203,925,1,0,0,2,2,0,29,0,0,5,0,364,1290,1698
DISTRICT 10,10-020 HOUSTON,1700,57,92,507,2,0,0,6,0,0,16,0,1,2,1,173,843,1045
DISTRICT 10,10-025 MEADOW LAKES NO. 3,1590,63,79,525,4,0,0,1,0,0,26,0,1,3,0,180,708,926
DISTRICT 10,10-030 SUSITNA,1476,66,111,448,3,0,0,4,0,0,18,0,3,3,0,228,592,854
DISTRICT 10,10-035 TALKEETNA,1158,51,194,230,1,0,0,13,1,0,12,1,0,0,0,218,437,683
DISTRICT 10,10-040 TRAPPER CREEK,638,34,42,204,1,0,0,1,0,0,9,0,0,0,0,101,246,358
DISTRICT 10,10-045 WILLOW,2191,80,130,732,3,3,0,7,0,0,21,0,0,5,0,337,873,1254
DISTRICT 10,10-050 MEADOW LAKES NO. 4,940,25,64,296,1,2,0,3,0,0,10,0,0,5,0,79,455,560
DISTRICT 10,10-055 LAKES NO. 2,1294,50,70,483,0,0,0,1,0,0,20,1,0,6,1,151,511,696
DISTRICT 11,11-055 WALBY,2409,51,162,893,2,1,0,6,0,0,32,0,2,4,0,319,937,1307
DISTRICT 11,11-060 GREATER PALMER,1806,45,141,668,1,1,0,0,0,0,22,0,0,4,0,235,689,956
DISTRICT 11,11-065 MAT-SU CAMPUS,1115,26,79,370,2,0,0,0,1,0,9,0,0,2,0,160,466,642
DISTRICT 11,11-070 PALMER CITY NO. 1,2647,71,247,701,2,1,0,3,0,0,34,2,0,5,0,416,1165,1633
DISTRICT 11,11-075 PALMER CITY NO. 2,2326,78,222,615,0,2,0,7,2,0,29,0,3,10,2,283,1073,1419
DISTRICT 11,11-085 TRUNK,1811,50,121,694,5,1,0,2,1,0,22,0,0,6,1,226,682,951
DISTRICT 11,11-090 SEWARD MERIDIAN,1219,37,77,424,4,0,0,4,0,0,13,0,0,1,0,150,509,682
DISTRICT 11,11-095 SPRINGER LOOP,2015,52,137,691,2,2,0,4,0,0,17,0,0,6,1,284,819,1140
DISTRICT 11,11-099 LAZY MOUNTAIN,1233,31,103,416,1,0,0,5,0,0,7,0,0,2,0,184,484,685
DISTRICT 12,12-200 FAIRVIEW NO. 1,1677,47,102,571,0,0,0,0,0,0,18,0,0,4,2,210,723,959
DISTRICT 12,12-205 FAIRVIEW NO. 2,1851,54,123,713,1,0,0,2,0,0,18,1,2,1,2,246,688,960
DISTRICT 12,12-210 SNOWSHOE,2804,89,176,1060,8,0,0,5,1,1,25,2,0,5,0,299,1133,1484
DISTRICT 12,12-220 BUTTE,3829,130,317,1285,0,2,0,5,1,0,49,1,0,7,0,521,1511,2104
DISTRICT 12,12-225 EKLUTNA,2075,46,203,721,3,1,0,3,0,0,32,0,0,2,0,303,761,1107
DISTRICT 12,12-230 PETERS CREEK NO. 1,2784,63,211,1018,3,2,0,1,1,0,32,0,1,4,0,407,1041,1496
DISTRICT 12,12-233 PETERS CREEK NO. 2,1658,45,123,570,0,3,0,5,0,0,24,0,0,3,0,254,631,923
DISTRICT 13,13-235 CHUGIAK,1411,42,112,437,2,1,0,2,1,0,12,0,0,4,0,211,587,824
DISTRICT 13,13-240 FIRE LAKE,2384,66,220,874,3,2,0,4,0,0,22,0,0,4,1,351,837,1227
DISTRICT 13,13-245 JBER NO. 1,4630,99,586,1461,6,4,0,3,0,0,60,1,2,38,0,587,1783,2522
DISTRICT 13,13-250 DWNTN E. RIVER NO. 1,3139,93,329,853,0,2,0,3,0,0,47,2,2,22,0,412,1374,1886
DISTRICT 13,13-255 CHUGACH PARK NO. 1,1725,33,173,622,2,1,0,2,0,0,13,2,0,4,0,261,612,901
DISTRICT 13,13-260 CENTENNIAL PARK,377,17,101,75,0,0,0,0,0,0,3,0,0,0,0,50,131,184
DISTRICT 14,14-940 DWNTN E. RIVER NO. 2,2335,54,246,768,3,2,0,2,0,0,37,0,2,1,0,393,827,1268
DISTRICT 14,14-945 MEADOW CREEK NO. 1,1377,49,122,415,1,1,0,4,0,0,21,0,1,3,0,180,580,794
DISTRICT 14,14-950 MEADOW CREEK NO. 2,2011,63,189,733,3,0,0,0,1,0,18,0,0,6,0,303,695,1032
DISTRICT 14,14-955 EAGLE RIVER NO. 1,1101,35,127,362,0,2,0,5,0,0,12,0,0,2,0,153,403,579
DISTRICT 14,14-960 EAGLE RIVER NO. 2,2858,75,348,1046,1,2,0,6,0,0,29,1,3,13,0,384,950,1402
DISTRICT 14,14-965 CHUGACH PARK NO. 2,4321,104,476,1530,8,4,0,5,1,0,59,0,2,11,0,638,1483,2222
DISTRICT 14,14-970 HILAND,2634,59,291,937,1,4,0,1,1,0,25,0,1,3,2,403,906,1348
DISTRICT 15,15-300 JBER NO. 2,3007,61,355,921,3,3,0,2,0,0,54,2,0,13,2,337,1254,1681
DISTRICT 15,15-305 CREEKSIDE PARK,2633,72,422,570,1,2,0,7,0,0,47,2,0,9,0,299,1202,1578
DISTRICT 15,15-310 MULDOON NO. 1,2096,57,368,303,4,1,0,4,1,0,39,0,0,6,1,253,1059,1373
DISTRICT 15,15-315 MULDOON NO. 2,2022,58,259,319,1,2,0,4,0,0,29,0,2,5,0,237,1106,1391
DISTRICT 15,15-320 NORTH MULDOON,2771,78,429,406,6,0,0,8,0,0,44,1,0,14,0,337,1448,1872
DISTRICT 16,16-325 RUSSIAN JACK,1568,55,272,273,0,0,0,2,0,0,25,0,0,7,0,242,692,975
DISTRICT 16,16-330 NUNAKA VALLEY,2705,85,480,414,5,1,0,6,0,0,48,1,0,7,3,359,1296,1730
DISTRICT 16,16-335 NORTHEAST ANCHORAGE,2772,70,447,511,1,2,0,4,2,0,35,0,0,11,3,288,1398,1752
DISTRICT 16,16-340 COLLEGE GATE,1469,37,255,318,0,1,0,5,0,0,24,1,0,1,0,241,586,860
DISTRICT 16,16-345 CHESTER VALLEY,1489,39,223,356,0,0,0,6,0,0,18,2,0,2,0,211,632,873
DISTRICT 16,16-350 REFLECTION LAKE,3165,88,524,639,3,1,0,9,1,0,53,2,0,13,2,444,1386,1925
DISTRICT 16,16-355 WONDER PARK,2041,82,343,315,0,1,0,4,0,0,36,0,0,12,1,254,993,1312
DISTRICT 17,17-400 ROGERS PARK,1446,35,293,291,3,2,0,7,0,0,10,0,0,1,0,284,520,828
DISTRICT 17,17-405 UNIVERSITY NO. 1,1083,48,232,171,0,0,0,5,0,0,22,1,0,3,0,167,434,635
DISTRICT 17,17-410 UNIVERSITY NO. 2,1619,52,302,245,2,2,0,10,0,1,22,0,0,3,0,256,724,1023
DISTRICT 17,17-415 FAR N. BICENTENNIAL,1788,62,241,277,2,2,0,4,0,0,26,2,0,4,0,194,974,1212
DISTRICT 17,17-420 TUDOR NO. 1,3712,115,611,661,3,3,0,5,0,0,63,4,1,5,0,501,1740,2330
DISTRICT 17,17-425 TUDOR NO.2,2101,70,407,331,7,1,0,9,0,0,34,2,0,5,1,295,939,1297
DISTRICT 17,17-430 EAST ANCHORAGE,1526,43,287,221,1,1,0,6,0,0,28,0,2,2,1,172,762,976
DISTRICT 18,18-435 WEST ANCHORAGE NO. 1,966,19,202,189,0,1,0,3,0,0,3,1,0,1,0,200,347,557
DISTRICT 18,18-440 WEST ANCHORAGE NO. 2,1140,48,206,154,0,2,0,3,0,0,18,0,0,4,1,184,520,735
DISTRICT 18,18-445 SPENARD,1369,53,207,223,2,0,0,4,0,0,19,2,0,4,0,192,663,890
DISTRICT 18,18-450 WILLOW CREST,1667,49,251,240,3,1,0,4,0,0,28,0,1,8,1,232,849,1134
DISTRICT 18,18-455 WEST ANCHORAGE NO. 3,1990,59,337,231,4,2,0,12,0,1,34,3,0,4,3,282,1018,1364
DISTRICT 18,18-460 FIREWEED NO. 1,1962,51,446,271,2,1,0,13,0,0,23,0,1,3,2,299,850,1195
DISTRICT 18,18-465 FIREWEED NO. 2,1409,55,284,160,3,0,0,7,1,0,22,1,2,0,0,179,695,910
DISTRICT 18,18-470 FIREWEED NO. 3,979,41,194,110,3,1,0,2,0,0,11,0,0,1,0,133,483,635
DISTRICT 18,18-475 MIDTOWN NO. 1,1207,38,226,230,4,1,0,5,0,0,19,0,0,2,0,186,496,715
DISTRICT 18,18-480 MIDTOWN NO. 2,1467,39,319,234,0,0,0,6,0,0,18,1,1,2,0,293,554,877
DISTRICT 19,19-500 NORTH MT. VIEW NO. 1,2057,67,356,211,4,0,0,7,0,1,49,2,1,8,0,234,1117,1431
DISTRICT 19,19-505 NORTH MT. VIEW NO. 2,2566,108,436,260,5,1,0,9,0,0,51,0,1,9,2,279,1405,1769
DISTRICT 19,19-510 SOUTH MT. VIEW NO. 1,2527,73,438,317,5,0,0,8,0,0,49,2,1,11,1,297,1325,1709
DISTRICT 19,19-515 SOUTH MT. VIEW NO. 2,1382,50,199,192,0,1,0,2,0,0,27,0,0,13,1,149,748,953
DISTRICT 19,19-520 AIRPORT HEIGHTS NO.1,1859,62,344,215,9,1,0,4,2,1,39,1,1,10,0,250,920,1248
DISTRICT 19,19-525 AIRPORT HEIGHTS NO.2,1955,48,497,246,2,1,0,7,1,0,20,1,2,6,0,322,802,1170
DISTRICT 20,20-530 GOVERNMENT HILL,1610,50,298,240,0,2,0,6,1,0,24,0,0,5,2,244,738,1025
DISTRICT 20,20-535 MERRILL FIELD,3023,108,641,434,6,0,0,11,0,0,49,1,1,12,0,418,1342,1852
DISTRICT 20,20-540 DOWNTOWN ANCH NO. 1,924,26,190,188,2,0,0,1,0,0,11,0,0,1,1,166,338,520
DISTRICT 20,20-545 DOWNTOWN ANCH NO. 2,947,25,250,172,0,0,0,3,1,0,5,0,0,2,0,191,298,502
DISTRICT 20,20-550 DOWNTOWN ANCH NO. 3,1255,53,240,202,4,0,0,10,0,0,21,0,2,5,0,170,548,765
DISTRICT 20,20-555 DOWNTOWN ANCH NO. 4,2182,79,443,311,1,1,0,4,0,0,47,0,1,8,0,337,950,1357
DISTRICT 20,20-560 INLET VIEW,1094,21,308,154,1,0,0,4,0,0,5,0,0,2,1,242,356,612
DISTRICT 20,20-565 WESTCHESTER,735,24,202,91,1,0,0,6,0,0,8,0,0,0,0,131,272,418
DISTRICT 20,20-570 FAIRVIEW,2227,85,428,271,5,1,0,14,0,1,40,1,1,9,3,274,1094,1449
DISTRICT 21,21-600 TURNAGAIN NO. 1,1900,60,526,319,1,1,0,5,1,0,16,0,0,1,0,377,593,996
DISTRICT 21,21-605 SAND LAKE NO. 1,1838,60,258,401,0,3,0,4,1,0,27,1,1,0,0,289,793,1119
DISTRICT 21,21-610 SAND LAKE NO. 2,1867,68,258,368,3,0,0,7,0,0,31,0,0,0,1,267,864,1172
DISTRICT 21,21-615 SAND LAKE NO. 3,1340,54,185,282,0,2,0,3,0,0,13,0,0,2,1,185,613,820
DISTRICT 21,21-620 LAKE SPENARD,1817,57,293,378,2,0,0,3,0,0,26,0,0,5,0,280,773,1094
DISTRICT 21,21-625 LAKE HOOD,2027,53,354,332,2,0,0,2,0,0,23,0,0,5,0,327,929,1293
DISTRICT 21,21-630 TURNAGAIN NO. 2,1470,42,255,230,0,0,0,8,0,0,23,0,0,6,0,200,706,949
DISTRICT 21,21-635 TURNAGAIN NO. 3,2239,65,452,380,0,1,0,1,0,0,44,1,0,6,0,307,982,1348
DISTRICT 22,22-640 DIMOND NO. 1,2665,84,384,582,5,1,0,3,0,0,31,2,0,9,3,301,1260,1621
DISTRICT 22,22-645 KINCAID,3597,107,471,1037,2,3,0,3,0,1,36,0,0,2,1,562,1372,1983
DISTRICT 22,22-650 JEWEL LAKE NO. 1,1770,48,240,315,2,0,0,4,1,0,24,0,0,5,0,239,892,1172
DISTRICT 22,22-655 JEWEL LAKE NO. 2,1891,60,279,372,5,2,0,4,0,0,34,1,0,4,0,246,884,1184
DISTRICT 22,22-660 CAMPBELL LAKE,2517,75,400,635,1,2,0,9,0,0,31,2,2,6,1,391,962,1412
DISTRICT 22,22-665 SAND LAKE NO. 4,1880,64,236,443,1,0,0,4,0,0,18,0,1,4,0,281,828,1141
DISTRICT 22,22-670 SAND LAKE NO. 5,788,27,113,212,0,0,0,0,0,0,7,0,0,0,0,125,304,436
DISTRICT 23,23-735 NORTHWOOD,1113,40,170,188,1,0,0,3,0,0,12,0,0,3,0,162,534,718
DISTRICT 23,23-740 ARCTIC,1980,79,313,352,3,0,0,4,1,0,27,1,2,5,0,295,898,1241
DISTRICT 23,23-745 MIDTOWN NO. 3,1598,50,241,327,0,0,0,2,0,0,20,0,0,2,1,231,724,981
DISTRICT 23,23-750 TAKU,2274,84,327,469,2,2,0,6,1,0,41,0,1,7,1,271,1062,1400
DISTRICT 23,23-755 CAMPBELL CREEK NO. 1,1632,57,248,329,0,0,0,3,0,0,24,0,0,4,0,191,776,1002
DISTRICT 23,23-760 CAMPBELL CREEK NO. 2,1633,48,252,342,0,1,0,4,0,1,19,0,1,8,1,233,723,998
DISTRICT 23,23-765 CAMPBELL CREEK NO. 3,1975,58,314,406,4,3,0,1,0,1,26,0,1,3,2,302,854,1198
DISTRICT 23,23-770 DIMOND NO. 2,1920,72,267,300,2,3,0,6,0,0,19,1,0,4,0,213,1033,1285
DISTRICT 24,24-700 HUFFMAN NO. 1,1975,75,255,478,5,1,0,3,0,0,24,1,1,4,0,261,867,1171
DISTRICT 24,24-705 HUFFMAN NO. 2,1797,60,252,439,2,3,0,2,0,0,24,1,1,1,0,225,787,1047
DISTRICT 24,24-710 KLATT,2054,59,265,615,2,0,0,3,0,0,21,0,1,2,0,329,757,1117
DISTRICT 24,24-715 SOUTHPORT,2055,50,309,585,2,0,0,1,0,0,22,0,0,0,0,281,805,1111
DISTRICT 24,24-720 OCEAN VIEW NO.1,2066,71,268,472,3,0,0,5,0,0,25,0,0,6,0,291,925,1261
DISTRICT 24,24-725 OCEAN VIEW NO.2,1922,45,267,557,0,1,0,5,0,0,22,0,0,1,0,324,700,1054
DISTRICT 24,24-730 BAYSHORE,3050,88,423,846,1,3,0,6,0,0,29,0,0,5,0,439,1210,1698
DISTRICT 25,25-840 EAST DOWLING NO. 1,915,22,131,157,2,1,0,4,0,0,15,0,1,1,0,123,458,606
DISTRICT 25,25-845 ELMORE NO. 1,3213,110,445,649,2,2,0,5,0,0,52,0,0,4,0,408,1536,2013
DISTRICT 25,25-850 ABBOTT NO. 1,2193,59,357,546,0,0,0,2,0,0,16,0,0,3,0,351,859,1234
DISTRICT 25,25-855 LORE NO. 1,2071,70,301,463,2,0,0,7,0,0,31,1,0,7,1,290,898,1243
DISTRICT 25,25-860 LORE NO. 2,2407,74,388,451,0,3,0,7,0,0,38,3,0,9,0,311,1123,1503
DISTRICT 25,25-865 ABBOTT NO. 2,1649,53,247,368,3,0,0,1,0,0,22,2,0,7,0,240,706,988
DISTRICT 25,25-870 EAST DOWLING NO. 2,2630,65,382,518,3,1,0,8,0,0,41,0,1,5,0,325,1281,1670
DISTRICT 26,26-800 INDEPEND.PARK NO. 1,2647,101,399,636,1,1,0,6,0,0,32,1,0,10,1,359,1100,1520
DISTRICT 26,26-805 O'MALLEY NO. 1,1659,38,214,483,1,0,0,2,0,0,14,0,0,0,0,287,620,924
DISTRICT 26,26-810 HUFFMAN NO. 3,1924,43,227,614,2,3,0,4,0,0,18,0,0,0,0,249,764,1040
DISTRICT 26,26-815 HUFFMAN NO. 4,2150,60,244,670,2,1,0,1,0,0,18,0,0,4,0,301,849,1180
DISTRICT 26,26-820 O'MALLEY NO. 2,2204,68,319,721,0,1,0,4,0,0,18,0,0,2,0,353,718,1098
DISTRICT 26,26-825 INDEPEND. PARK NO. 2,2403,86,293,454,3,0,0,8,0,0,28,0,1,8,0,315,1207,1578
DISTRICT 26,26-830 ELMORE NO. 2,1081,29,149,296,0,0,0,2,0,0,12,0,0,2,0,167,424,609
DISTRICT 26,26-835 O'MALLEY NO. 3,1493,53,198,249,2,0,0,5,0,1,19,0,1,3,0,165,797,996
DISTRICT 27,27-900 CHENEY LAKE,2444,71,415,561,5,1,0,4,1,1,29,1,0,5,1,399,950,1401
DISTRICT 27,27-905 MULDOON NO. 3,1858,49,301,445,1,3,0,3,0,0,22,0,1,7,1,273,752,1069
DISTRICT 27,27-910 MULDOON NO. 4,2666,87,394,461,5,0,0,5,0,1,32,0,0,8,0,339,1334,1732
DISTRICT 27,27-915 CHUGACH FTHILLS NO.1,1535,45,224,290,4,0,0,3,0,0,24,0,0,6,0,199,740,982
DISTRICT 27,27-920 CHUGACH FTHILLS NO.2,2136,69,405,428,1,0,0,3,0,0,31,0,1,6,0,301,891,1240
DISTRICT 27,27-925 SCENIC PARK,1538,45,222,353,2,1,0,2,0,0,24,0,0,2,1,219,667,919
DISTRICT 27,27-930 BAXTER,2674,67,507,571,3,3,0,9,0,0,40,0,0,4,1,408,1061,1532
DISTRICT 27,27-935 STUCKAGAIN HEIGHTS,435,8,80,114,0,1,0,0,0,0,7,0,0,0,0,90,135,233
DISTRICT 28,28-105 RABBIT CREEK NO. 1,1669,40,196,510,0,1,0,1,1,0,21,0,1,0,0,255,643,923
DISTRICT 28,28-110 RABBIT CREEK NO. 2,2838,63,368,857,0,1,0,5,0,0,40,1,0,1,1,476,1025,1550
DISTRICT 28,28-115 HUFFMAN NO. 6,1812,41,222,633,1,0,0,0,0,0,20,1,0,3,1,265,625,918
DISTRICT 28,28-120 HUFFMAN NO. 7,1930,60,262,598,0,2,0,6,0,0,14,0,0,1,0,325,662,1011
DISTRICT 28,28-125 BEAR VALLEY,1348,25,200,351,1,0,0,5,0,0,15,1,0,1,0,228,521,773
DISTRICT 28,28-130 INDIAN,318,7,55,58,0,0,0,4,0,0,4,0,0,0,0,72,118,198
DISTRICT 28,28-135 GIRDWOOD,2042,59,429,258,1,2,0,14,0,0,33,0,0,3,2,406,835,1297
DISTRICT 28,28-140 GOLDEN VIEW,2973,74,395,1022,1,1,0,3,0,0,31,0,0,6,0,469,971,1488
DISTRICT 28,28-145 O'MALLEY NO. 4,1696,31,253,525,1,1,0,2,0,0,13,0,0,0,0,310,560,887
DISTRICT 29,29-100 BEAR CREEK,1932,45,256,469,2,0,0,6,0,0,17,1,2,2,0,301,831,1164
DISTRICT 29,29-110 COOPER LANDING,383,17,43,94,0,0,0,1,0,0,2,2,0,0,1,63,160,228
DISTRICT 29,29-115 FUNNY RIVER NO. 1,1087,45,73,396,0,2,0,5,0,0,11,1,1,3,0,157,393,576
DISTRICT 29,29-120 HOPE,183,8,30,28,0,0,0,0,0,0,1,0,0,0,0,47,69,117
DISTRICT 29,29-130 MACKEY LAKE,1327,33,92,515,2,2,0,3,0,1,9,0,0,1,0,167,502,688
DISTRICT 29,29-140 MOOSE PASS,384,11,63,82,0,1,0,1,0,0,4,0,0,0,0,68,154,228
DISTRICT 29,29-150 NIKISKI,2166,70,107,742,4,0,0,2,0,0,36,1,0,3,0,276,925,1250
DISTRICT 29,29-160 SALAMATOF,2472,79,120,854,2,1,0,0,0,1,31,0,0,3,1,345,1035,1421
DISTRICT 29,29-170 SEWARD/LOWELL POINT,1869,51,325,405,2,1,0,11,2,0,25,0,1,3,1,259,783,1090
DISTRICT 29,29-180 STERLING NO. 1,2235,63,117,881,0,1,0,0,0,0,22,0,0,1,0,262,888,1175
DISTRICT 29,29-190 STERLING NO. 2,2332,58,140,906,2,0,0,4,0,0,26,1,1,5,0,268,921,1233
DISTRICT 30,30-200 CENTRAL,2369,73,144,825,4,1,0,1,0,0,28,0,0,3,0,259,1031,1330
DISTRICT 30,30-210 K BEACH,3271,85,201,1288,4,1,0,5,0,0,30,0,0,2,2,377,1276,1697
DISTRICT 30,30-220 KENAI NO. 1,3055,102,225,868,2,1,0,9,0,0,38,1,0,2,1,400,1406,1861
DISTRICT 30,30-230 KENAI NO. 2,1729,52,122,468,1,0,0,5,0,1,24,0,0,5,0,220,831,1092
DISTRICT 30,30-240 KENAI NO. 3,1492,48,95,505,0,0,0,1,0,0,20,0,1,1,0,204,617,845
DISTRICT 30,30-250 SOLDOTNA,4928,144,379,1642,5,1,0,17,0,0,64,0,0,7,2,625,2042,2768
DISTRICT 31,31-300 ANCHOR POINT,2318,66,187,758,6,0,0,15,0,0,28,1,1,3,0,303,950,1310
DISTRICT 31,31-310 DIAMOND RIDGE,1320,41,237,298,3,1,0,9,0,0,14,1,0,2,0,212,502,746
DISTRICT 31,31-320 FOX RIVER,937,19,78,245,0,0,0,3,0,0,7,0,1,0,0,99,485,595
DISTRICT 31,31-340 FUNNY RIVER NO. 2,2146,61,142,767,2,0,0,3,0,0,32,0,1,3,0,254,881,1179
DISTRICT 31,31-350 HOMER NO. 1,2883,90,488,651,3,2,0,13,1,0,37,1,0,1,0,438,1158,1655
DISTRICT 31,31-360 HOMER NO. 2,2425,67,354,603,5,2,0,14,0,0,33,0,0,3,0,361,983,1404
DISTRICT 31,31-370 KACHEMAK/FRITZ CREEK,2049,75,370,447,4,2,0,12,0,0,21,0,1,0,0,312,805,1157
DISTRICT 31,31-380 KASILOF,2751,79,195,867,2,0,0,9,0,0,26,0,2,3,0,389,1179,1613
DISTRICT 31,31-390 NINILCHIK,1575,68,116,578,0,0,0,6,0,0,26,1,2,2,0,208,568,815
DISTRICT 32,32-800 CHINIAK,143,2,5,34,0,1,0,2,0,0,2,0,0,0,0,29,68,102
DISTRICT 32,32-805 CORDOVA,2050,64,339,388,2,0,0,10,1,0,14,0,2,4,0,335,891,1263
DISTRICT 32,32-810 FLATS,1802,41,183,633,1,1,0,2,0,0,25,0,0,2,0,205,709,947
DISTRICT 32,32-815 KODIAK ISLAND SOUTH,156,6,29,33,0,0,0,0,0,0,0,0,0,0,0,20,68,88
DISTRICT 32,32-820 KODIAK NO. 1,2043,41,258,450,5,0,0,2,0,0,18,3,1,1,2,260,1002,1293
DISTRICT 32,32-825 KODIAK NO. 2,1962,44,219,415,4,1,0,1,0,0,14,1,0,4,0,187,1072,1288
DISTRICT 32,32-830 MISSION ROAD,3594,91,364,1022,2,6,0,7,0,0,27,1,0,3,0,400,1671,2120
DISTRICT 32,32-835 OLD HARBOR,140,3,19,26,0,0,0,0,0,0,0,0,0,0,0,6,86,92
DISTRICT 32,32-840 OUZINKIE,142,4,16,16,0,0,0,0,0,0,0,0,0,0,0,22,84,106
DISTRICT 32,32-845 PORT LIONS,180,3,11,50,0,0,0,0,0,0,1,0,0,1,0,33,81,117
DISTRICT 32,32-847 SELDOVIA/KACHEMAK,493,14,67,140,1,0,0,1,0,0,5,0,0,1,0,82,182,273
DISTRICT 32,32-850 TATITLEK,139,3,28,27,1,0,0,0,0,0,2,0,0,0,0,6,72,81
DISTRICT 32,32-855 TYONEK,407,16,87,41,1,0,0,1,0,0,3,0,0,1,0,47,210,264
DISTRICT 32,32-860 YAKUTAT,502,28,68,90,0,0,0,2,0,0,5,0,1,1,0,80,227,317
DISTRICT 33,33-500 DOUGLAS,1809,55,443,196,1,2,0,8,1,1,13,1,1,2,1,343,741,1116
DISTRICT 33,33-505 GUSTAVUS,558,26,157,86,0,0,0,4,0,0,5,0,0,0,0,97,183,289
DISTRICT 33,33-510 JUNEAU NO. 1,2515,78,648,315,0,2,0,12,0,0,25,0,0,3,2,480,950,1475
DISTRICT 33,33-515 JUNEAU NO. 2,2442,50,816,192,0,0,0,14,0,1,20,0,1,4,1,492,851,1387
DISTRICT 33,33-520 JUNEAU NO. 3,1128,26,298,149,0,0,0,5,0,0,7,0,0,1,0,213,429,656
DISTRICT 33,33-525 LEMON CREEK,2383,66,391,270,1,0,0,9,0,0,22,1,2,6,0,370,1245,1662
DISTRICT 33,33-530 NORTH DOUGLAS,1510,29,390,213,1,0,0,3,1,1,5,0,0,0,0,337,530,878
DISTRICT 33,33-540 SKAGWAY,1225,45,286,156,2,0,0,8,1,0,15,1,0,4,1,161,545,741
DISTRICT 33,33-545 HAINES NO. 1,2095,79,439,413,1,1,0,12,0,0,18,2,0,5,1,342,782,1168
DISTRICT 33,33-550 HAINES NO. 2,304,17,58,46,0,0,0,3,0,0,3,0,0,2,0,53,122,185
DISTRICT 33,33-555 KLUKWAN,81,5,14,4,0,0,0,0,0,0,0,0,0,0,0,18,40,58
DISTRICT 34,34-400 AUKE BAY,2030,67,395,392,3,2,0,4,1,0,11,1,0,0,0,398,756,1176
DISTRICT 34,34-410 JUNEAU AIRPORT,1745,54,284,331,1,2,0,11,0,0,19,1,2,1,0,277,762,1077
DISTRICT 34,34-420 LYNN CANAL,1370,33,284,258,0,0,0,5,1,0,5,0,0,0,1,314,469,794
DISTRICT 34,34-430 MENDENHALL VALLEY 1,2606,69,445,444,1,1,0,5,0,0,30,1,0,2,0,451,1157,1650
DISTRICT 34,34-440 MENDENHALL VALLEY 2,2628,63,386,473,0,0,0,6,0,0,19,1,0,2,0,490,1188,1708
DISTRICT 34,34-450 MENDENHALL VALLEY 3,2255,60,356,431,2,1,0,6,0,0,15,2,0,2,0,396,984,1410
DISTRICT 34,34-460 MENDENHALL VALLEY 4,3282,90,500,696,5,1,0,13,0,0,25,1,1,6,1,574,1369,2001
DISTRICT 35,35-700 ANGOON,309,9,94,33,1,0,0,0,0,0,3,0,0,1,0,56,112,174
DISTRICT 35,35-705 CRAIG,1157,34,139,264,2,1,0,2,0,0,7,0,0,0,0,130,578,720
DISTRICT 35,35-720 HOONAH,717,35,125,120,0,0,0,3,0,0,7,0,0,2,0,96,329,439
DISTRICT 35,35-730 KAKE,389,21,85,42,2,0,0,0,0,0,1,0,0,0,0,48,190,241
DISTRICT 35,35-735 KASAAN,61,4,7,7,0,0,0,2,0,0,0,0,0,0,0,4,37,43
DISTRICT 35,35-740 KLAWOCK,807,29,122,141,3,1,0,3,0,0,2,0,0,2,0,80,424,517
DISTRICT 35,35-745 N PRINCE OF WALES,610,23,60,207,0,0,0,3,0,0,3,0,0,1,0,88,225,321
DISTRICT 35,35-750 PELICAN/ELFIN COVE,150,11,19,34,0,0,0,1,0,0,0,0,0,0,0,33,52,86
DISTRICT 35,35-755 PETERSBURG/KUPREANOF,2947,109,402,689,3,3,0,7,0,0,21,5,1,2,0,493,1212,1749
DISTRICT 35,35-760 PORT ALEXANDER,53,1,11,11,0,0,0,0,0,0,2,0,0,0,0,9,19,30
DISTRICT 35,35-765 SITKA NO. 1,3646,117,685,686,3,2,0,14,0,0,30,1,1,4,0,601,1502,2162
DISTRICT 35,35-770 SITKA NO. 2,3790,105,799,650,5,2,0,15,0,1,37,1,0,7,3,656,1509,2240
DISTRICT 35,35-775 TENAKEE SPRINGS,139,4,33,20,0,0,0,2,0,0,2,0,0,0,0,36,42,82
DISTRICT 35,35-780 THORNE BAY,734,12,47,224,1,0,0,0,0,0,5,0,0,0,0,80,365,451
DISTRICT 36,36-600 KETCHIKAN NO. 1,2370,86,306,424,2,0,0,9,1,0,29,1,1,4,2,314,1191,1556
DISTRICT 36,36-610 KETCHIKAN NO. 2,2527,72,311,503,4,1,0,6,0,0,23,1,1,4,0,370,1231,1645
DISTRICT 36,36-620 KETCHIKAN NO. 3,1828,54,186,413,0,0,0,2,0,1,17,0,2,2,0,232,919,1177
DISTRICT 36,36-640 NORTH TONGASS NO. 1,1084,22,83,341,2,0,0,1,0,0,7,0,0,1,0,163,464,639
DISTRICT 36,36-650 NORTH TONGASS NO. 2,1853,55,164,540,1,0,0,5,0,0,16,0,1,2,1,274,794,1095
DISTRICT 36,36-660 SAXMAN,312,17,34,55,0,0,0,1,0,0,0,0,0,1,0,42,162,207
DISTRICT 36,36-670 SOUTH TONGASS,1965,48,219,557,3,0,0,5,0,0,19,0,0,2,0,301,811,1143
DISTRICT 36,36-675 HYDABURG,300,18,69,24,0,0,0,3,0,0,3,0,0,0,0,25,158,189
DISTRICT 36,36-680 METLAKATLA,1074,55,161,134,0,0,0,1,0,0,8,2,0,4,0,112,597,728
DISTRICT 36,36-690 WRANGELL,1961,65,154,544,2,1,0,8,0,0,12,1,0,1,1,348,824,1198
DISTRICT 37,37-300 ANVIK,56,3,8,13,0,0,0,0,0,0,0,0,0,0,0,5,27,32
DISTRICT 37,37-302 GRAYLING,127,8,15,17,0,0,0,0,0,0,1,0,0,0,0,13,73,87
DISTRICT 37,37-304 HOLY CROSS,129,11,32,10,0,0,0,0,0,0,3,0,0,1,0,18,54,77
DISTRICT 37,37-306 MCGRATH,240,9,17,62,0,0,0,0,0,0,0,0,0,0,0,40,112,152
DISTRICT 37,37-308 NIKOLAI,75,7,6,13,0,0,0,0,0,0,1,0,0,0,0,18,30,49
DISTRICT 37,37-310 SHAGELUK,57,2,12,9,0,0,0,0,0,0,0,0,0,2,0,4,28,36
DISTRICT 37,37-312 TAKOTNA,36,1,5,7,0,0,0,0,0,0,1,0,0,0,0,4,18,23
DISTRICT 37,37-700 AKUTAN,550,12,81,55,0,0,0,0,0,0,2,0,0,0,0,36,364,402
DISTRICT 37,37-702 ALEKNAGIK,158,13,26,23,0,0,0,0,0,0,1,0,0,1,0,14,80,97
DISTRICT 37,37-704 ALEUTIANS NO. 1,178,12,33,51,0,0,0,1,0,0,0,0,0,0,0,23,58,82
DISTRICT 37,37-706 ALEUTIANS NO. 2,1913,58,344,303,1,0,0,5,1,0,14,0,0,3,0,182,1002,1211
DISTRICT 37,37-708 CHIGNIK,238,13,37,37,0,0,0,0,0,0,2,0,0,0,0,23,126,151
DISTRICT 37,37-710 CLARKS POINT,44,3,10,5,0,0,0,0,0,0,0,0,0,0,0,6,20,26
DISTRICT 37,37-712 COLD BAY,79,7,4,13,0,0,0,0,0,0,2,0,0,0,0,9,44,55
DISTRICT 37,37-714 DILLINGHAM,1764,54,267,279,1,0,0,3,0,0,15,0,0,2,0,189,954,1166
DISTRICT 37,37-716 EGEGIK,107,7,16,15,0,0,0,0,0,0,0,0,0,0,0,18,51,69
DISTRICT 37,37-718 EKWOK,73,3,18,5,0,0,0,0,0,0,0,0,0,0,0,8,39,47
DISTRICT 37,37-720 KING COVE,366,12,20,59,0,0,0,0,0,0,4,0,0,0,0,40,231,275
DISTRICT 37,37-722 KING SALMON,365,15,36,116,0,0,0,1,0,0,3,0,0,0,0,45,149,198
DISTRICT 37,37-724 KOLIGANEK,115,1,15,18,0,0,0,0,0,0,1,0,0,0,0,12,68,81
DISTRICT 37,37-726 LAKE ILIAMNA NO. 1,214,9,31,47,0,0,0,1,0,0,2,0,0,0,0,29,95,127
DISTRICT 37,37-728 LAKE ILIAMNA NO. 2,174,5,25,19,0,0,0,0,0,0,3,0,0,1,0,33,88,126
DISTRICT 37,37-730 LEVELOCK,49,2,6,7,0,0,0,1,0,0,0,0,0,0,0,6,27,34
DISTRICT 37,37-732 MANOKOTAK,346,23,60,36,0,0,0,0,0,0,1,0,0,0,0,29,197,227
DISTRICT 37,37-734 NAKNEK,415,9,32,84,1,0,0,1,0,0,4,0,0,0,0,70,214,290
DISTRICT 37,37-736 NEW STUYAHOK,322,18,90,22,0,0,0,0,0,0,1,0,0,0,0,24,167,192
DISTRICT 37,37-738 NONDALTON,292,16,33,88,0,0,0,2,0,0,3,0,0,0,0,36,114,155
DISTRICT 37,37-740 PEDRO BAY,38,8,3,7,0,0,0,0,0,0,0,0,0,0,0,6,14,20
DISTRICT 37,37-742 PORT HEIDEN,67,2,10,10,0,0,0,0,0,0,0,0,0,1,0,13,31,46
DISTRICT 37,37-744 SAND POINT,479,19,44,82,1,0,0,0,0,0,2,0,0,1,0,52,278,335
DISTRICT 37,37-746 SLEETMUTE,118,4,15,33,0,0,0,1,0,0,3,0,0,0,0,18,44,66
DISTRICT 37,37-748 SOUTH NAKNEK,52,3,6,8,1,0,0,0,0,0,1,0,0,0,0,9,24,35
DISTRICT 37,37-750 ST GEORGE ISLAND,48,1,9,5,0,0,0,0,0,0,0,0,0,0,0,9,24,33
DISTRICT 37,37-752 ST PAUL ISLAND,294,16,55,27,0,0,0,2,0,0,2,0,0,0,0,37,155,196
DISTRICT 37,37-754 TOGIAK,651,43,87,58,0,0,0,4,0,0,10,0,0,0,0,52,397,463
DISTRICT 38,38-800 AKIACHAK,445,21,63,37,0,0,0,1,0,0,4,0,0,1,0,58,260,325
DISTRICT 38,38-802 AKIAK,251,14,49,11,0,0,0,0,0,0,5,0,0,0,0,38,134,177
DISTRICT 38,38-804 ANIAK,351,14,44,57,1,0,0,2,0,0,4,0,0,1,0,41,187,237
DISTRICT 38,38-806 ATMAUTLUAK,201,5,52,8,0,0,0,0,0,0,1,1,0,0,0,13,121,136
DISTRICT 38,38-808 BETHEL NO. 1,2206,78,436,262,9,5,0,8,0,0,16,0,0,5,1,266,1120,1434
DISTRICT 38,38-810 BETHEL NO. 2,1989,69,399,287,3,0,0,10,0,1,23,1,1,7,1,237,950,1240
DISTRICT 38,38-812 CHEFORNAK,318,23,57,15,0,0,0,0,0,0,2,0,0,2,0,17,202,225
DISTRICT 38,38-814 CHUATHBALUK,55,2,6,9,0,0,0,0,0,0,0,0,0,0,0,10,28,38
DISTRICT 38,38-816 CROOKED CREEK,71,2,11,13,0,0,0,0,0,0,1,0,0,0,0,4,40,45
DISTRICT 38,38-818 EEK,235,14,47,22,0,1,0,2,0,0,0,0,0,1,0,42,106,153
DISTRICT 38,38-820 GOODNEWS BAY,207,14,20,28,0,0,0,0,0,0,3,0,1,0,0,28,113,145
DISTRICT 38,38-822 KASIGLUK,356,7,102,15,0,0,0,0,1,0,1,0,0,0,0,22,208,232
DISTRICT 38,38-824 KIPNUK,465,21,125,18,1,0,0,0,0,0,1,0,0,0,0,43,256,301
DISTRICT 38,38-826 KONGIGANAK,321,19,85,15,5,0,0,1,0,0,1,0,0,2,1,21,171,203
DISTRICT 38,38-828 KWETHLUK,479,16,93,22,0,0,0,0,0,0,2,0,0,1,0,67,278,349
DISTRICT 38,38-830 KWIGILLINGOK,240,6,50,18,0,0,0,0,0,0,0,0,0,0,0,25,141,166
DISTRICT 38,38-832 LOWER KALSKAG,182,15,48,23,0,0,0,0,0,0,1,0,0,2,0,23,70,98
DISTRICT 38,38-834 MARSHALL,279,14,48,23,2,0,0,0,0,0,2,0,0,0,0,16,174,194
DISTRICT 38,38-836 MEKORYUK,144,4,23,28,0,0,0,0,0,0,0,0,0,0,0,31,58,89
DISTRICT 38,38-838 NAPAKIAK,241,8,71,21,3,0,0,0,0,0,0,0,0,0,0,15,123,141
DISTRICT 38,38-840 NAPASKIAK,317,16,76,24,0,0,0,0,0,0,0,0,0,0,0,18,183,201
DISTRICT 38,38-842 NEWTOK,203,12,38,7,0,0,0,1,0,0,1,0,0,2,0,29,113,148
DISTRICT 38,38-844 NIGHTMUTE,155,11,40,9,0,0,0,1,0,0,1,0,0,1,0,21,71,96
DISTRICT 38,38-846 NUNAPITCHUK,359,16,67,36,0,0,0,0,0,1,0,0,0,0,0,36,203,240
DISTRICT 38,38-848 QUINHAGAK,458,28,114,39,1,1,0,1,0,0,1,0,0,4,0,43,226,281
DISTRICT 38,38-850 RUSSIAN MISSION,231,13,21,25,0,0,0,0,0,0,1,0,0,2,0,34,135,174
DISTRICT 38,38-852 TOKSOOK BAY,419,26,121,57,0,0,0,0,0,0,0,0,0,0,0,34,181,215
DISTRICT 38,38-854 TULUKSAK,258,23,63,14,0,0,0,1,0,0,0,0,1,0,0,23,133,158
DISTRICT 38,38-856 TUNTUTULIAK,289,16,44,15,2,0,0,1,0,0,0,0,0,0,0,61,150,214
DISTRICT 38,38-858 TUNUNAK,257,18,69,21,1,0,0,1,0,0,4,0,1,0,0,36,106,149
DISTRICT 38,38-860 UPPER KALSKAG,137,10,22,25,0,0,0,1,0,0,1,0,0,0,0,19,59,80
DISTRICT 39,39-314 GALENA,361,16,57,44,1,0,0,0,0,0,2,0,0,0,1,47,193,243
DISTRICT 39,39-316 HUSLIA,186,5,31,20,1,0,0,0,0,0,0,0,0,1,0,11,117,131
DISTRICT 39,39-318 KALTAG,121,9,29,16,0,0,0,0,0,0,0,0,0,0,0,12,55,67
DISTRICT 39,39-320 KOYUKUK,75,3,28,5,0,0,0,0,0,0,3,0,0,0,0,5,31,39
DISTRICT 39,39-322 NULATO,182,6,49,22,0,0,0,0,0,0,1,0,0,0,0,26,78,105
DISTRICT 39,39-324 RUBY,125,11,14,18,0,0,0,0,0,0,1,0,0,1,0,10,70,83
DISTRICT 39,39-900 ALAKANUK,388,14,55,36,2,0,0,2,0,1,2,0,0,2,0,32,242,285
DISTRICT 39,39-902 BREVIG MISSION,251,17,41,36,0,0,0,0,0,0,3,0,0,0,0,32,122,157
DISTRICT 39,39-904 CHEVAK,606,24,137,30,0,0,0,3,0,0,2,0,1,2,0,57,350,417
DISTRICT 39,39-906 DIOMEDE,51,6,18,0,0,0,0,0,0,0,0,0,0,0,0,2,25,27
DISTRICT 39,39-908 ELIM,205,10,39,35,0,0,0,1,0,0,3,0,0,0,0,26,91,121
DISTRICT 39,39-910 EMMONAK,536,35,115,54,0,0,0,0,0,0,0,0,1,0,0,35,296,332
DISTRICT 39,39-912 GAMBELL,422,29,50,21,1,0,0,3,0,0,3,1,1,0,0,58,255,322
DISTRICT 39,39-914 GOLOVIN,103,5,14,10,1,0,0,0,0,0,0,0,0,0,0,25,48,74
DISTRICT 39,39-916 HOOPER BAY,715,38,136,66,3,0,0,1,0,0,5,0,0,1,0,57,408,476
DISTRICT 39,39-918 KOTLIK,369,29,51,17,3,0,0,0,0,0,1,0,0,1,0,44,223,273
DISTRICT 39,39-920 KOYUK,184,13,35,13,0,0,0,0,0,0,1,0,0,0,0,34,88,123
DISTRICT 39,39-922 MOUNTAIN VILLAGE,449,25,90,50,0,0,0,2,0,0,3,0,0,0,0,45,234,284
DISTRICT 39,39-924 NOME NO. 1,1112,44,197,208,1,1,0,1,0,0,10,0,0,1,0,134,515,664
DISTRICT 39,39-926 NOME NO. 2,1749,75,301,294,4,3,0,7,0,0,18,0,2,6,0,251,788,1085
DISTRICT 39,39-928 NUNAM IQUA,121,5,16,12,0,0,0,0,0,0,1,0,0,0,0,7,80,88
DISTRICT 39,39-930 PILOT STATION,359,25,39,33,0,0,0,0,0,0,2,0,0,1,0,46,213,263
DISTRICT 39,39-932 SAVOONGA,497,57,122,30,1,0,0,0,0,0,2,0,0,1,0,56,228,289
DISTRICT 39,39-934 SCAMMON BAY,382,34,78,52,0,1,0,1,0,0,3,0,0,0,0,34,179,218
DISTRICT 39,39-936 SHAKTOOLIK,174,11,32,19,1,1,0,1,0,0,0,0,0,0,0,23,86,112
DISTRICT 39,39-938 SHISHMAREF,407,21,67,28,1,0,0,0,0,0,2,0,0,0,0,85,203,291
DISTRICT 39,39-940 ST MARY'S,458,20,89,29,0,0,0,1,0,0,1,0,0,1,0,53,264,321
DISTRICT 39,39-942 ST MICHAEL,243,13,34,29,0,0,0,2,0,0,0,1,0,1,0,11,152,168
DISTRICT 39,39-944 STEBBINS,352,28,44,36,0,0,0,1,0,0,3,1,0,0,0,36,203,244
DISTRICT 39,39-946 TELLER,169,6,30,16,0,0,0,0,0,0,1,0,0,0,0,33,83,117
DISTRICT 39,39-948 UNALAKLEET,563,32,93,73,0,0,0,0,0,0,5,0,0,0,0,76,284,365
DISTRICT 39,39-950 WALES,77,3,19,4,0,0,0,1,0,0,0,0,1,1,0,10,38,52
DISTRICT 39,39-952 WHITE MOUNTAIN,142,12,19,18,0,0,0,0,0,0,0,0,0,0,0,22,71,93
DISTRICT 40,40-002 AMBLER,178,7,33,18,0,0,0,0,0,0,3,0,0,0,0,28,89,120
DISTRICT 40,40-004 ANAKTUVUK PASS,300,14,51,55,0,0,0,3,0,0,0,0,0,2,0,20,155,182
DISTRICT 40,40-006 ATQASUK,164,11,15,14,0,0,0,2,0,0,0,0,0,0,0,13,109,124
DISTRICT 40,40-008 UTQIAGVIK (BARROW),1052,50,181,143,3,0,0,4,0,0,6,1,1,1,0,71,591,679
DISTRICT 40,40-010 BROWERVILLE,2114,124,337,256,1,0,0,4,0,0,21,0,1,0,0,178,1192,1397
DISTRICT 40,40-012 BUCKLAND,314,18,94,23,0,0,0,0,0,0,1,0,0,0,0,19,159,179
DISTRICT 40,40-014 DEERING,103,5,19,16,1,0,0,0,0,0,1,0,0,0,0,11,50,63
DISTRICT 40,40-016 KAKTOVIK,186,17,17,31,1,0,0,1,0,0,2,0,0,0,0,24,93,121
DISTRICT 40,40-018 KIANA,286,18,50,26,3,0,0,0,0,0,1,0,0,0,0,20,168,192
DISTRICT 40,40-020 KIVALINA,261,21,46,26,0,0,0,1,0,0,1,0,1,0,0,35,130,168
DISTRICT 40,40-022 KOBUK,89,7,13,8,0,0,0,1,0,0,1,0,0,0,0,12,47,61
DISTRICT 40,40-024 KOTZEBUE,2101,98,375,281,0,1,0,8,0,0,12,0,1,2,0,211,1112,1349
DISTRICT 40,40-026 NOATAK,352,24,68,28,0,0,0,0,0,0,4,0,0,1,0,25,202,233
DISTRICT 40,40-028 NOORVIK,390,30,82,44,3,0,0,0,0,0,1,0,0,0,0,46,184,234
DISTRICT 40,40-030 NUIQSUT,287,18,36,39,0,0,0,2,0,0,2,0,0,2,0,21,167,196
DISTRICT 40,40-032 POINT HOPE,476,39,75,65,0,0,0,0,0,0,1,0,0,0,0,35,261,297
DISTRICT 40,40-034 POINT LAY,162,13,19,23,0,0,0,1,0,0,1,0,0,0,0,10,95,107
DISTRICT 40,40-036 SELAWIK,463,30,79,58,2,0,0,3,0,0,2,0,0,2,0,65,222,298
DISTRICT 40,40-038 SHUNGNAK,162,9,41,22,0,0,0,0,0,0,0,0,0,0,0,17,73,90
DISTRICT 40,40-040 WAINWRIGHT,367,29,44,55,0,0,0,0,0,0,3,0,0,1,0,44,191,240
DISTRICT 40,40-326 ALLAKAKET,131,4,42,13,0,0,0,0,0,0,1,0,0,1,0,8,62,73
DISTRICT 40,40-328 BETTLES,71,3,10,20,0,0,0,0,0,0,2,0,0,0,0,11,25,38
DISTRICT 40,40-330 HUGHES,64,1,22,3,0,0,0,0,0,0,1,0,0,0,0,7,30,38
